1,9/23/2020,12433,1,eu nibh quisque id justo sit amet sapien dignissim vestibulum vestibulum ante ipsum primis in faucibus orci luctus et
2,1/18/2020,2314,4,interdum mauris non ligula pellentesque ultrices phasellus id sapien in sapien
3,3/19/2020,11607,2,ut suscipit a feugiat et eros vestibulum ac est lacinia nisi venenatis tristique fusce congue diam id ornare imperdiet sapien
4,2/23/2020,1921,4,magnis dis parturient montes nascetur ridiculus mus vivamus vestibulum sagittis sapien cum sociis natoque penatibus et magnis dis parturient montes
5,7/19/2020,11533,1,consequat nulla nisl nunc nisl duis bibendum felis sed interdum venenatis turpis enim blandit mi in porttitor pede justo
6,4/17/2020,5587,1,risus auctor sed tristique in tempus sit amet sem fusce consequat
7,12/4/2020,10164,1,ac nulla sed vel enim sit amet nunc viverra dapibus nulla suscipit ligula in lacus curabitur at ipsum ac
8,2/1/2021,8642,2,in felis eu sapien cursus vestibulum proin eu mi nulla ac enim in tempor turpis
9,10/19/2020,1487,2,imperdiet nullam orci pede venenatis non sodales sed tincidunt eu
10,2/6/2021,11193,3,diam neque vestibulum eget vulputate ut ultrices vel augue vestibulum ante ipsum primis
11,6/25/2020,2143,3,in sagittis dui vel nisl duis ac nibh fusce lacus purus aliquet at feugiat non pretium quis lectus suspendisse potenti
12,1/29/2021,3364,1,in quis justo maecenas rhoncus aliquam lacus morbi quis tortor id
13,4/26/2020,16858,1,amet nunc viverra dapibus nulla suscipit ligula in lacus curabitur at ipsum ac tellus
14,10/12/2020,3590,2,bibendum morbi non quam nec dui luctus rutrum nulla tellus in sagittis dui vel
15,7/5/2020,14064,2,urna pretium nisl ut volutpat sapien arcu sed augue aliquam erat volutpat in congue etiam justo etiam pretium iaculis
16,2/22/2020,19791,4,eu magna vulputate luctus cum sociis natoque penatibus et magnis dis
17,4/15/2020,15495,4,non velit donec diam neque vestibulum eget vulputate ut ultrices vel augue vestibulum ante ipsum primis
18,5/12/2021,6820,2,lacinia sapien quis libero nullam sit amet turpis elementum ligula vehicula consequat
19,9/3/2020,16192,2,in felis donec semper sapien a libero nam dui proin leo
20,5/19/2021,4237,1,orci luctus et ultrices posuere cubilia curae donec pharetra magna vestibulum aliquet ultrices
21,2/11/2021,14732,1,ultrices enim lorem ipsum dolor sit amet consectetuer adipiscing elit proin interdum mauris non ligula pellentesque ultrices
22,4/20/2021,3367,3,aliquam augue quam sollicitudin vitae consectetuer eget rutrum at lorem integer tincidunt ante
23,8/21/2020,11064,2,augue quam sollicitudin vitae consectetuer eget rutrum at lorem integer tincidunt ante vel ipsum praesent
24,3/20/2020,19419,3,ultrices posuere cubilia curae duis faucibus accumsan odio curabitur convallis
25,3/9/2020,6505,2,ipsum primis in faucibus orci luctus et ultrices posuere cubilia
26,8/10/2020,17472,3,eget orci vehicula condimentum curabitur in libero ut massa volutpat convallis morbi odio odio elementum
27,9/11/2020,8155,2,mi in porttitor pede justo eu massa donec dapibus duis at velit eu est congue elementum in hac
28,7/24/2020,19014,2,primis in faucibus orci luctus et ultrices posuere cubilia curae donec pharetra magna vestibulum aliquet ultrices erat tortor
29,11/17/2020,18777,1,suspendisse potenti cras in purus eu magna vulputate luctus cum sociis natoque penatibus et magnis dis
30,3/28/2021,5975,4,sollicitudin ut suscipit a feugiat et eros vestibulum ac est lacinia nisi venenatis tristique fusce congue diam id ornare imperdiet
31,8/29/2020,14740,4,tincidunt eget tempus vel pede morbi porttitor lorem id ligula
32,8/12/2020,7520,4,luctus et ultrices posuere cubilia curae nulla dapibus dolor vel est donec odio justo sollicitudin ut suscipit a
33,4/1/2020,6285,2,erat id mauris vulputate elementum nullam varius nulla facilisi cras
34,3/17/2020,8442,2,primis in faucibus orci luctus et ultrices posuere cubilia curae donec pharetra magna vestibulum aliquet ultrices erat tortor sollicitudin mi
35,10/10/2020,2240,4,hac habitasse platea dictumst aliquam augue quam sollicitudin vitae consectetuer eget
36,10/24/2020,13256,1,nec sem duis aliquam convallis nunc proin at turpis a pede posuere
37,5/1/2021,12927,1,tincidunt ante vel ipsum praesent blandit lacinia erat vestibulum sed magna
38,6/25/2020,1037,4,augue vel accumsan tellus nisi eu orci mauris lacinia sapien quis libero nullam sit amet turpis elementum ligula vehicula consequat
39,12/28/2020,8385,4,urna ut tellus nulla ut erat id mauris vulputate elementum nullam varius nulla facilisi cras non velit nec nisi vulputate
40,4/11/2021,17391,3,sem fusce consequat nulla nisl nunc nisl duis bibendum felis sed interdum venenatis turpis enim blandit mi in porttitor pede
41,5/22/2020,9387,1,nullam varius nulla facilisi cras non velit nec nisi vulputate nonummy maecenas tincidunt lacus at velit vivamus vel nulla
42,8/15/2020,6546,3,adipiscing elit proin interdum mauris non ligula pellentesque ultrices phasellus id sapien in
43,4/30/2020,13750,3,gravida sem praesent id massa id nisl venenatis lacinia aenean sit amet justo morbi
44,12/4/2020,1908,1,tempus vivamus in felis eu sapien cursus vestibulum proin eu
45,9/15/2020,16988,4,lorem vitae mattis nibh ligula nec sem duis aliquam convallis nunc proin at turpis a pede posuere nonummy
46,4/5/2020,4142,4,sed interdum venenatis turpis enim blandit mi in porttitor pede justo eu massa donec dapibus
47,12/25/2020,1598,4,sapien cursus vestibulum proin eu mi nulla ac enim in tempor turpis nec
48,3/16/2021,11010,3,aenean sit amet justo morbi ut odio cras mi pede
49,1/22/2020,3687,2,vestibulum sit amet cursus id turpis integer aliquet massa id lobortis convallis tortor risus dapibus augue vel accumsan tellus
50,2/9/2020,8079,2,eget tincidunt eget tempus vel pede morbi porttitor lorem id ligula suspendisse ornare consequat
51,10/21/2020,3157,3,pede ullamcorper augue a suscipit nulla elit ac nulla sed vel enim
52,5/23/2020,11282,3,justo in hac habitasse platea dictumst etiam faucibus cursus urna ut tellus nulla ut erat id mauris vulputate elementum nullam
53,7/30/2020,10385,2,integer ac neque duis bibendum morbi non quam nec dui
54,8/19/2020,5515,3,vel sem sed sagittis nam congue risus semper porta volutpat quam pede lobortis ligula sit
55,4/11/2021,19859,3,maecenas leo odio condimentum id luctus nec molestie sed justo pellentesque viverra pede ac diam
56,10/15/2020,13941,2,cubilia curae duis faucibus accumsan odio curabitur convallis duis consequat dui nec nisi volutpat eleifend donec ut
57,1/25/2021,17191,2,curae nulla dapibus dolor vel est donec odio justo sollicitudin ut suscipit a
58,9/21/2020,6090,1,elit ac nulla sed vel enim sit amet nunc viverra dapibus
59,11/14/2020,11085,4,amet turpis elementum ligula vehicula consequat morbi a ipsum integer a nibh in quis justo
60,5/26/2020,16910,3,curae nulla dapibus dolor vel est donec odio justo sollicitudin ut
61,2/14/2020,16935,1,amet diam in magna bibendum imperdiet nullam orci pede venenatis non sodales sed
62,3/5/2021,6255,4,ultrices enim lorem ipsum dolor sit amet consectetuer adipiscing elit proin interdum mauris non
63,4/30/2020,1601,1,habitasse platea dictumst maecenas ut massa quis augue luctus tincidunt nulla mollis molestie
64,5/27/2020,7874,2,cras pellentesque volutpat dui maecenas tristique est et tempus semper est
65,6/27/2020,16014,2,condimentum id luctus nec molestie sed justo pellentesque viverra pede ac diam
66,3/12/2020,7307,1,dapibus augue vel accumsan tellus nisi eu orci mauris lacinia sapien quis libero nullam sit amet turpis elementum
67,4/18/2021,8364,2,nonummy integer non velit donec diam neque vestibulum eget vulputate ut ultrices vel augue vestibulum ante ipsum
68,4/29/2021,13962,4,diam id ornare imperdiet sapien urna pretium nisl ut volutpat sapien arcu sed
69,11/25/2020,18748,4,justo aliquam quis turpis eget elit sodales scelerisque mauris sit amet eros
70,8/25/2020,2559,2,venenatis non sodales sed tincidunt eu felis fusce posuere felis sed lacus morbi
71,10/6/2020,11919,4,congue vivamus metus arcu adipiscing molestie hendrerit at vulputate vitae nisl aenean lectus pellentesque eget nunc donec quis
72,11/12/2020,14105,3,aliquet pulvinar sed nisl nunc rhoncus dui vel sem sed sagittis nam
73,9/1/2020,2507,1,est risus auctor sed tristique in tempus sit amet sem fusce consequat nulla nisl nunc nisl duis
74,11/14/2020,7995,4,porttitor id consequat in consequat ut nulla sed accumsan felis ut at dolor quis odio consequat
75,1/3/2020,2225,1,tincidunt lacus at velit vivamus vel nulla eget eros elementum pellentesque quisque porta
76,1/26/2020,15443,3,ridiculus mus etiam vel augue vestibulum rutrum rutrum neque aenean auctor gravida sem praesent id
77,12/2/2020,4812,4,sit amet erat nulla tempus vivamus in felis eu sapien cursus vestibulum proin eu mi nulla ac enim in
78,2/26/2021,18513,3,erat volutpat in congue etiam justo etiam pretium iaculis justo in hac habitasse platea dictumst etiam faucibus
79,1/1/2021,8884,1,primis in faucibus orci luctus et ultrices posuere cubilia curae mauris viverra diam vitae quam suspendisse potenti nullam
80,12/14/2020,9300,1,praesent id massa id nisl venenatis lacinia aenean sit amet justo
81,5/20/2020,16649,2,convallis duis consequat dui nec nisi volutpat eleifend donec ut dolor morbi vel lectus in
82,5/3/2020,3202,2,eget tempus vel pede morbi porttitor lorem id ligula suspendisse ornare consequat lectus in est risus auctor sed
83,5/2/2020,3319,1,in ante vestibulum ante ipsum primis in faucibus orci luctus et ultrices posuere cubilia curae duis faucibus accumsan odio curabitur
84,7/28/2020,7774,2,vel est donec odio justo sollicitudin ut suscipit a feugiat et
85,8/14/2020,10771,4,maecenas leo odio condimentum id luctus nec molestie sed justo pellentesque viverra pede ac diam cras pellentesque
86,7/19/2020,3947,3,elit proin interdum mauris non ligula pellentesque ultrices phasellus id sapien in sapien iaculis congue vivamus metus arcu adipiscing molestie
87,6/4/2020,6694,3,dapibus nulla suscipit ligula in lacus curabitur at ipsum ac tellus
88,5/28/2020,15672,2,ac neque duis bibendum morbi non quam nec dui luctus
89,6/13/2020,9953,3,sapien sapien non mi integer ac neque duis bibendum morbi non quam nec dui luctus rutrum nulla tellus in sagittis
90,7/29/2020,17227,2,nec euismod scelerisque quam turpis adipiscing lorem vitae mattis nibh ligula nec sem duis
91,9/27/2020,8453,4,ipsum primis in faucibus orci luctus et ultrices posuere cubilia curae mauris viverra diam vitae quam suspendisse
92,2/14/2021,5512,4,justo morbi ut odio cras mi pede malesuada in imperdiet et commodo vulputate justo
93,4/2/2020,12141,1,nulla mollis molestie lorem quisque ut erat curabitur gravida nisi at nibh
94,3/3/2020,17614,2,elementum ligula vehicula consequat morbi a ipsum integer a nibh in quis
95,2/10/2021,2169,1,condimentum neque sapien placerat ante nulla justo aliquam quis turpis eget elit sodales
96,5/14/2021,6361,1,mauris lacinia sapien quis libero nullam sit amet turpis elementum ligula vehicula consequat morbi a ipsum integer a nibh in
97,6/18/2020,8349,1,sed augue aliquam erat volutpat in congue etiam justo etiam pretium iaculis justo in
98,4/20/2020,4563,2,id sapien in sapien iaculis congue vivamus metus arcu adipiscing molestie hendrerit at vulputate vitae
99,2/26/2021,12378,1,quis lectus suspendisse potenti in eleifend quam a odio in hac habitasse platea dictumst maecenas ut massa quis augue luctus
100,5/13/2020,13627,4,duis consequat dui nec nisi volutpat eleifend donec ut dolor morbi vel lectus in quam fringilla rhoncus
101,1/6/2021,15655,2,in quis justo maecenas rhoncus aliquam lacus morbi quis tortor id nulla ultrices aliquet maecenas leo odio condimentum
102,1/31/2021,11366,4,primis in faucibus orci luctus et ultrices posuere cubilia curae duis faucibus
103,6/12/2020,6817,3,justo maecenas rhoncus aliquam lacus morbi quis tortor id nulla ultrices
104,12/30/2020,7398,2,duis ac nibh fusce lacus purus aliquet at feugiat non pretium quis lectus suspendisse potenti in eleifend quam a
105,12/21/2020,8839,1,a suscipit nulla elit ac nulla sed vel enim sit
106,2/19/2020,6603,2,ac nulla sed vel enim sit amet nunc viverra dapibus nulla suscipit
107,12/22/2020,10854,4,platea dictumst morbi vestibulum velit id pretium iaculis diam erat fermentum justo nec condimentum neque sapien placerat
108,2/6/2021,2496,4,aliquet ultrices erat tortor sollicitudin mi sit amet lobortis sapien sapien non mi integer ac neque duis
109,4/19/2021,13509,1,non velit nec nisi vulputate nonummy maecenas tincidunt lacus at velit
110,2/5/2021,18656,2,in sagittis dui vel nisl duis ac nibh fusce lacus purus aliquet at feugiat non pretium
111,8/2/2020,11327,3,nonummy maecenas tincidunt lacus at velit vivamus vel nulla eget eros elementum pellentesque quisque porta volutpat erat
112,10/15/2020,9814,1,vestibulum velit id pretium iaculis diam erat fermentum justo nec condimentum neque sapien placerat ante nulla justo aliquam
113,2/9/2021,14124,4,lobortis sapien sapien non mi integer ac neque duis bibendum
114,7/30/2020,17483,3,a suscipit nulla elit ac nulla sed vel enim sit amet nunc viverra dapibus nulla suscipit ligula in lacus curabitur
115,6/1/2020,3930,1,turpis elementum ligula vehicula consequat morbi a ipsum integer a nibh in quis justo maecenas rhoncus
116,1/8/2021,8185,2,lorem vitae mattis nibh ligula nec sem duis aliquam convallis nunc proin at turpis a pede posuere nonummy integer non
117,8/28/2020,5247,1,convallis duis consequat dui nec nisi volutpat eleifend donec ut dolor morbi vel lectus in quam fringilla
118,4/4/2021,4710,3,sit amet eleifend pede libero quis orci nullam molestie nibh in lectus
119,12/3/2020,7686,1,lacinia nisi venenatis tristique fusce congue diam id ornare imperdiet sapien urna pretium nisl ut volutpat sapien
120,4/23/2020,15055,1,nulla ac enim in tempor turpis nec euismod scelerisque quam turpis adipiscing lorem vitae mattis nibh
121,8/16/2020,15579,4,libero non mattis pulvinar nulla pede ullamcorper augue a suscipit nulla elit ac nulla sed vel enim sit amet nunc
122,2/3/2020,5628,3,tortor duis mattis egestas metus aenean fermentum donec ut mauris eget massa tempor convallis
123,1/17/2020,10064,2,in magna bibendum imperdiet nullam orci pede venenatis non sodales sed tincidunt eu felis fusce posuere felis sed lacus
124,6/24/2020,2784,2,vestibulum velit id pretium iaculis diam erat fermentum justo nec condimentum neque sapien
125,12/14/2020,4871,1,duis aliquam convallis nunc proin at turpis a pede posuere nonummy integer non velit donec
126,1/31/2021,13639,1,posuere felis sed lacus morbi sem mauris laoreet ut rhoncus aliquet pulvinar
127,5/12/2020,11106,4,mollis molestie lorem quisque ut erat curabitur gravida nisi at
128,1/19/2021,6948,3,curabitur convallis duis consequat dui nec nisi volutpat eleifend donec ut dolor morbi vel lectus in quam fringilla
129,1/17/2020,10060,3,cubilia curae mauris viverra diam vitae quam suspendisse potenti nullam porttitor lacus at
130,3/10/2021,4685,4,natoque penatibus et magnis dis parturient montes nascetur ridiculus mus
131,3/13/2021,1623,1,ut volutpat sapien arcu sed augue aliquam erat volutpat in congue etiam justo etiam pretium iaculis justo in hac habitasse
132,1/29/2021,13218,1,justo in hac habitasse platea dictumst etiam faucibus cursus urna
133,10/20/2020,12672,3,maecenas tristique est et tempus semper est quam pharetra magna
134,6/2/2020,2087,3,in imperdiet et commodo vulputate justo in blandit ultrices enim lorem ipsum dolor sit amet
135,4/4/2021,8079,3,cursus urna ut tellus nulla ut erat id mauris vulputate elementum nullam
136,10/23/2020,2836,2,ultricies eu nibh quisque id justo sit amet sapien dignissim vestibulum vestibulum
137,7/4/2020,5246,1,at feugiat non pretium quis lectus suspendisse potenti in eleifend quam a odio in hac habitasse platea dictumst maecenas
138,5/21/2020,2725,1,justo pellentesque viverra pede ac diam cras pellentesque volutpat dui
139,7/1/2020,5769,4,cras non velit nec nisi vulputate nonummy maecenas tincidunt lacus at velit vivamus vel nulla eget
140,7/14/2020,4760,1,suspendisse potenti cras in purus eu magna vulputate luctus cum
141,3/18/2020,17571,3,sit amet erat nulla tempus vivamus in felis eu sapien
142,2/20/2020,14709,4,leo pellentesque ultrices mattis odio donec vitae nisi nam ultrices libero non mattis pulvinar nulla pede ullamcorper
143,1/21/2021,7136,3,fusce lacus purus aliquet at feugiat non pretium quis lectus suspendisse potenti in eleifend quam a odio
144,4/1/2020,2158,4,ultrices posuere cubilia curae nulla dapibus dolor vel est donec odio justo sollicitudin ut suscipit a feugiat
145,10/23/2020,18767,3,pellentesque viverra pede ac diam cras pellentesque volutpat dui maecenas tristique est et tempus semper est quam pharetra
146,1/13/2021,16406,3,vulputate luctus cum sociis natoque penatibus et magnis dis parturient montes nascetur ridiculus mus vivamus vestibulum
147,2/7/2020,17968,3,lacus purus aliquet at feugiat non pretium quis lectus suspendisse potenti in eleifend quam a odio in hac habitasse platea
148,7/8/2020,12298,4,a pede posuere nonummy integer non velit donec diam neque
149,4/1/2020,14116,2,a odio in hac habitasse platea dictumst maecenas ut massa quis augue luctus tincidunt nulla mollis molestie lorem quisque ut
150,3/18/2021,4987,3,aliquet massa id lobortis convallis tortor risus dapibus augue vel accumsan tellus nisi eu orci mauris lacinia sapien quis libero
151,11/5/2020,2610,1,imperdiet et commodo vulputate justo in blandit ultrices enim lorem ipsum dolor sit
152,4/5/2020,8447,3,congue eget semper rutrum nulla nunc purus phasellus in felis donec semper sapien a libero nam dui proin leo
153,10/7/2020,7674,2,tortor sollicitudin mi sit amet lobortis sapien sapien non mi integer ac
154,9/19/2020,4222,4,magna ac consequat metus sapien ut nunc vestibulum ante ipsum primis
155,3/10/2020,12641,4,nulla nunc purus phasellus in felis donec semper sapien a libero nam dui proin leo odio porttitor id consequat
156,5/12/2021,13220,4,elit sodales scelerisque mauris sit amet eros suspendisse accumsan tortor quis turpis sed ante vivamus tortor
157,3/14/2021,7662,4,pellentesque eget nunc donec quis orci eget orci vehicula condimentum curabitur in libero ut massa volutpat convallis
158,3/10/2020,11758,1,nunc proin at turpis a pede posuere nonummy integer non velit donec diam
159,4/16/2021,5580,2,turpis donec posuere metus vitae ipsum aliquam non mauris morbi non lectus aliquam sit amet diam in magna bibendum
160,2/7/2020,4046,1,placerat ante nulla justo aliquam quis turpis eget elit sodales scelerisque mauris sit amet eros suspendisse accumsan tortor
161,1/5/2021,11544,4,ut mauris eget massa tempor convallis nulla neque libero convallis eget eleifend luctus ultricies eu
162,11/25/2020,17925,2,ut rhoncus aliquet pulvinar sed nisl nunc rhoncus dui vel sem sed sagittis
163,10/4/2020,9205,4,in felis eu sapien cursus vestibulum proin eu mi nulla ac enim in tempor turpis nec euismod scelerisque quam
164,2/11/2021,5202,2,in sagittis dui vel nisl duis ac nibh fusce lacus purus aliquet at
165,3/5/2021,14570,1,massa quis augue luctus tincidunt nulla mollis molestie lorem quisque ut erat curabitur gravida nisi at
166,2/20/2020,15953,2,quam pharetra magna ac consequat metus sapien ut nunc vestibulum ante ipsum primis in faucibus orci luctus
167,6/1/2020,2831,3,hac habitasse platea dictumst maecenas ut massa quis augue luctus tincidunt nulla mollis molestie
168,7/4/2020,13899,1,rhoncus aliquam lacus morbi quis tortor id nulla ultrices aliquet maecenas leo odio condimentum id luctus nec molestie sed justo
169,7/28/2020,16623,4,enim sit amet nunc viverra dapibus nulla suscipit ligula in lacus curabitur at ipsum ac tellus
170,7/7/2020,11039,2,condimentum id luctus nec molestie sed justo pellentesque viverra pede ac
171,12/27/2020,15074,4,et tempus semper est quam pharetra magna ac consequat metus sapien ut nunc vestibulum ante
172,10/20/2020,18388,3,vel nisl duis ac nibh fusce lacus purus aliquet at feugiat non pretium quis lectus suspendisse potenti in eleifend quam
173,2/8/2020,8932,3,sem fusce consequat nulla nisl nunc nisl duis bibendum felis sed interdum venenatis turpis enim blandit mi in porttitor pede
174,4/1/2021,16306,4,vestibulum sed magna at nunc commodo placerat praesent blandit nam nulla
175,5/1/2021,5260,2,nibh ligula nec sem duis aliquam convallis nunc proin at turpis a pede posuere nonummy integer non velit donec
176,9/23/2020,8651,2,maecenas rhoncus aliquam lacus morbi quis tortor id nulla ultrices aliquet maecenas leo odio condimentum id
177,9/12/2020,6423,4,cursus urna ut tellus nulla ut erat id mauris vulputate elementum nullam varius nulla facilisi cras
178,7/26/2020,5205,2,auctor sed tristique in tempus sit amet sem fusce consequat nulla nisl nunc nisl duis bibendum felis sed
179,11/19/2020,13751,1,lectus in quam fringilla rhoncus mauris enim leo rhoncus sed vestibulum sit amet cursus
180,3/3/2020,14655,4,enim blandit mi in porttitor pede justo eu massa donec
181,7/16/2020,15692,4,erat id mauris vulputate elementum nullam varius nulla facilisi cras non velit nec nisi vulputate nonummy maecenas tincidunt lacus
182,3/14/2021,5307,4,in tempor turpis nec euismod scelerisque quam turpis adipiscing lorem vitae
183,5/12/2020,10120,4,sed magna at nunc commodo placerat praesent blandit nam nulla integer pede justo lacinia eget tincidunt
184,2/25/2021,4251,1,nisl duis ac nibh fusce lacus purus aliquet at feugiat non pretium
185,4/8/2020,14142,3,nisl duis bibendum felis sed interdum venenatis turpis enim blandit mi in porttitor pede justo eu massa donec dapibus
186,4/8/2020,12477,2,metus sapien ut nunc vestibulum ante ipsum primis in faucibus orci luctus et ultrices
187,4/2/2021,2547,4,molestie sed justo pellentesque viverra pede ac diam cras pellentesque volutpat dui maecenas tristique est
188,4/20/2021,13343,1,at nibh in hac habitasse platea dictumst aliquam augue quam sollicitudin vitae
189,7/22/2020,5679,1,ipsum dolor sit amet consectetuer adipiscing elit proin interdum mauris non ligula pellentesque
190,6/6/2020,18975,1,natoque penatibus et magnis dis parturient montes nascetur ridiculus mus
191,11/7/2020,11343,4,mauris enim leo rhoncus sed vestibulum sit amet cursus id turpis integer aliquet massa id
192,4/18/2020,3635,3,libero nam dui proin leo odio porttitor id consequat in consequat ut nulla sed
193,6/8/2020,1870,3,morbi sem mauris laoreet ut rhoncus aliquet pulvinar sed nisl nunc rhoncus dui vel sem sed sagittis
194,3/19/2021,11270,4,nunc rhoncus dui vel sem sed sagittis nam congue risus semper porta volutpat quam pede lobortis ligula sit amet
195,5/21/2020,12353,3,orci pede venenatis non sodales sed tincidunt eu felis fusce posuere felis sed lacus morbi sem mauris laoreet ut
196,5/20/2020,2780,3,nulla tempus vivamus in felis eu sapien cursus vestibulum proin eu mi nulla ac enim
197,1/27/2021,14066,2,praesent blandit nam nulla integer pede justo lacinia eget tincidunt eget tempus
198,3/25/2021,17180,1,in faucibus orci luctus et ultrices posuere cubilia curae donec pharetra magna vestibulum aliquet ultrices erat tortor sollicitudin
199,5/26/2020,2819,4,erat eros viverra eget congue eget semper rutrum nulla nunc
200,1/12/2020,16716,3,justo in blandit ultrices enim lorem ipsum dolor sit amet consectetuer adipiscing elit proin interdum mauris non ligula pellentesque
201,3/31/2021,2182,2,pulvinar lobortis est phasellus sit amet erat nulla tempus vivamus in
202,1/17/2020,1442,4,mauris non ligula pellentesque ultrices phasellus id sapien in sapien iaculis congue vivamus metus
203,11/22/2020,2842,3,sit amet nulla quisque arcu libero rutrum ac lobortis vel dapibus at diam nam tristique tortor eu
204,1/6/2021,11340,3,lobortis est phasellus sit amet erat nulla tempus vivamus in felis eu sapien
205,12/5/2020,2710,2,semper sapien a libero nam dui proin leo odio porttitor id
206,3/11/2021,15472,4,vitae nisl aenean lectus pellentesque eget nunc donec quis orci eget orci
207,2/4/2021,6065,3,morbi ut odio cras mi pede malesuada in imperdiet et commodo vulputate justo in blandit
208,10/20/2020,2375,2,cubilia curae mauris viverra diam vitae quam suspendisse potenti nullam porttitor lacus at turpis donec posuere metus
209,6/11/2020,16938,3,tellus nisi eu orci mauris lacinia sapien quis libero nullam sit amet turpis elementum ligula vehicula consequat morbi a ipsum
210,12/4/2020,2160,1,pede posuere nonummy integer non velit donec diam neque vestibulum eget vulputate ut ultrices vel augue vestibulum
211,8/13/2020,4296,2,leo rhoncus sed vestibulum sit amet cursus id turpis integer aliquet massa id lobortis convallis tortor risus dapibus augue
212,11/11/2020,4643,4,in congue etiam justo etiam pretium iaculis justo in hac habitasse platea dictumst etiam faucibus cursus
213,11/25/2020,19446,1,non quam nec dui luctus rutrum nulla tellus in sagittis
214,2/16/2020,10937,4,diam in magna bibendum imperdiet nullam orci pede venenatis non sodales sed
215,1/14/2020,17709,4,sit amet nulla quisque arcu libero rutrum ac lobortis vel dapibus at diam nam tristique
216,7/31/2020,3611,1,at nibh in hac habitasse platea dictumst aliquam augue quam sollicitudin vitae consectetuer eget rutrum at lorem integer
217,1/20/2020,12961,1,auctor sed tristique in tempus sit amet sem fusce consequat nulla nisl nunc nisl duis bibendum
218,7/11/2020,4336,3,est risus auctor sed tristique in tempus sit amet sem fusce consequat nulla nisl nunc nisl duis bibendum
219,3/14/2020,7654,1,at nulla suspendisse potenti cras in purus eu magna vulputate luctus cum sociis natoque penatibus
220,7/4/2020,16759,1,volutpat convallis morbi odio odio elementum eu interdum eu tincidunt in leo maecenas
221,1/3/2020,18044,1,et ultrices posuere cubilia curae donec pharetra magna vestibulum aliquet ultrices erat tortor
222,3/1/2021,7391,1,sit amet eleifend pede libero quis orci nullam molestie nibh in lectus pellentesque at nulla suspendisse potenti cras in
223,2/7/2021,1118,4,non mi integer ac neque duis bibendum morbi non quam nec dui luctus rutrum nulla tellus in sagittis dui
224,3/11/2020,8605,1,quam a odio in hac habitasse platea dictumst maecenas ut massa quis augue luctus tincidunt nulla mollis molestie lorem quisque
225,1/3/2020,15568,2,posuere cubilia curae nulla dapibus dolor vel est donec odio justo sollicitudin ut suscipit a feugiat et eros
226,11/29/2020,1983,1,hac habitasse platea dictumst maecenas ut massa quis augue luctus tincidunt nulla mollis molestie lorem quisque ut erat curabitur gravida
227,9/27/2020,9829,3,sociis natoque penatibus et magnis dis parturient montes nascetur ridiculus mus
228,4/3/2021,14276,4,tincidunt eu felis fusce posuere felis sed lacus morbi sem mauris laoreet ut rhoncus aliquet pulvinar sed nisl nunc rhoncus
229,4/20/2020,5129,2,odio porttitor id consequat in consequat ut nulla sed accumsan
230,3/15/2021,17810,1,imperdiet et commodo vulputate justo in blandit ultrices enim lorem ipsum dolor sit amet consectetuer adipiscing
231,2/13/2020,18623,3,in leo maecenas pulvinar lobortis est phasellus sit amet erat nulla
232,2/7/2021,10672,1,scelerisque mauris sit amet eros suspendisse accumsan tortor quis turpis sed ante vivamus tortor duis mattis
233,4/30/2020,8298,3,eget tincidunt eget tempus vel pede morbi porttitor lorem id
234,12/2/2020,11273,2,amet eros suspendisse accumsan tortor quis turpis sed ante vivamus tortor duis mattis egestas metus aenean fermentum donec ut
235,3/18/2021,8335,4,id lobortis convallis tortor risus dapibus augue vel accumsan tellus nisi eu orci mauris lacinia sapien
236,10/13/2020,8113,4,lorem integer tincidunt ante vel ipsum praesent blandit lacinia erat vestibulum sed magna
237,2/17/2020,15065,2,donec posuere metus vitae ipsum aliquam non mauris morbi non lectus aliquam sit amet diam in magna bibendum imperdiet
238,8/15/2020,13486,4,interdum mauris ullamcorper purus sit amet nulla quisque arcu libero rutrum ac lobortis vel dapibus
239,2/23/2020,12047,4,quam suspendisse potenti nullam porttitor lacus at turpis donec posuere metus vitae ipsum aliquam
240,5/21/2020,12935,3,nam dui proin leo odio porttitor id consequat in consequat ut nulla sed accumsan felis ut at dolor
241,2/6/2021,4004,4,vestibulum aliquet ultrices erat tortor sollicitudin mi sit amet lobortis
242,10/16/2020,3392,1,a ipsum integer a nibh in quis justo maecenas rhoncus aliquam lacus morbi quis tortor
243,10/24/2020,8846,3,proin risus praesent lectus vestibulum quam sapien varius ut blandit
244,2/25/2021,7046,4,vitae quam suspendisse potenti nullam porttitor lacus at turpis donec posuere metus vitae ipsum
245,3/5/2021,2209,3,quis lectus suspendisse potenti in eleifend quam a odio in hac habitasse platea dictumst maecenas ut
246,1/24/2020,15872,3,molestie lorem quisque ut erat curabitur gravida nisi at nibh in hac habitasse platea dictumst aliquam augue quam sollicitudin
247,2/17/2020,1704,2,at turpis a pede posuere nonummy integer non velit donec diam neque vestibulum eget
248,11/22/2020,10248,3,consequat nulla nisl nunc nisl duis bibendum felis sed interdum venenatis turpis enim blandit mi in
249,1/19/2021,3709,1,elit sodales scelerisque mauris sit amet eros suspendisse accumsan tortor quis turpis
250,3/10/2021,3030,4,turpis a pede posuere nonummy integer non velit donec diam
251,3/3/2020,14311,2,integer a nibh in quis justo maecenas rhoncus aliquam lacus morbi quis tortor id nulla ultrices aliquet
252,2/2/2021,18881,4,scelerisque mauris sit amet eros suspendisse accumsan tortor quis turpis sed ante vivamus tortor duis mattis egestas metus aenean fermentum
253,9/29/2020,3404,3,leo maecenas pulvinar lobortis est phasellus sit amet erat nulla tempus vivamus in felis eu sapien cursus vestibulum
254,4/8/2020,6231,3,dapibus dolor vel est donec odio justo sollicitudin ut suscipit a feugiat et
255,2/9/2021,10760,2,donec posuere metus vitae ipsum aliquam non mauris morbi non lectus aliquam
256,4/17/2020,9560,2,mi in porttitor pede justo eu massa donec dapibus duis at velit eu est congue elementum in hac
257,8/26/2020,1136,1,vivamus vestibulum sagittis sapien cum sociis natoque penatibus et magnis dis parturient montes nascetur ridiculus mus etiam vel augue
258,4/19/2021,13865,1,dolor morbi vel lectus in quam fringilla rhoncus mauris enim
259,1/29/2021,5843,2,nonummy maecenas tincidunt lacus at velit vivamus vel nulla eget eros elementum pellentesque quisque porta volutpat erat
260,12/28/2020,12447,4,faucibus orci luctus et ultrices posuere cubilia curae duis faucibus
261,4/2/2020,1182,3,id justo sit amet sapien dignissim vestibulum vestibulum ante ipsum primis in faucibus orci luctus
262,7/11/2020,17227,1,donec odio justo sollicitudin ut suscipit a feugiat et eros vestibulum ac est lacinia nisi venenatis tristique
263,1/11/2020,11458,3,vestibulum ante ipsum primis in faucibus orci luctus et ultrices posuere cubilia curae donec pharetra magna vestibulum aliquet ultrices erat
264,3/10/2021,16118,2,lorem id ligula suspendisse ornare consequat lectus in est risus auctor sed
265,3/30/2021,5377,2,justo eu massa donec dapibus duis at velit eu est congue elementum in hac
266,2/2/2020,16583,3,lacus at turpis donec posuere metus vitae ipsum aliquam non mauris morbi non lectus aliquam sit
267,10/29/2020,15040,2,platea dictumst aliquam augue quam sollicitudin vitae consectetuer eget rutrum at lorem integer tincidunt ante vel ipsum
268,8/2/2020,14032,1,ut at dolor quis odio consequat varius integer ac leo pellentesque
269,1/2/2020,16609,4,urna pretium nisl ut volutpat sapien arcu sed augue aliquam erat volutpat in congue etiam justo etiam pretium
270,3/20/2020,11785,3,lacus morbi sem mauris laoreet ut rhoncus aliquet pulvinar sed nisl nunc rhoncus dui vel sem sed sagittis nam congue
271,4/16/2021,3871,2,platea dictumst etiam faucibus cursus urna ut tellus nulla ut erat id mauris vulputate elementum nullam
272,5/30/2020,4421,2,potenti in eleifend quam a odio in hac habitasse platea dictumst maecenas
273,1/10/2021,4351,4,at turpis donec posuere metus vitae ipsum aliquam non mauris morbi non
274,11/12/2020,1974,2,pellentesque volutpat dui maecenas tristique est et tempus semper est quam
275,2/12/2021,3496,4,sed augue aliquam erat volutpat in congue etiam justo etiam pretium
276,8/24/2020,10577,2,et ultrices posuere cubilia curae mauris viverra diam vitae quam suspendisse potenti nullam porttitor lacus at
277,3/19/2020,1618,1,pellentesque volutpat dui maecenas tristique est et tempus semper est quam pharetra magna ac
278,12/18/2020,4700,2,ultrices posuere cubilia curae nulla dapibus dolor vel est donec odio justo sollicitudin ut suscipit a feugiat et eros vestibulum
279,9/10/2020,1119,3,non mi integer ac neque duis bibendum morbi non quam nec dui luctus
280,8/29/2020,16911,2,at nunc commodo placerat praesent blandit nam nulla integer pede justo lacinia eget tincidunt eget tempus vel pede
281,4/18/2020,9818,2,nec condimentum neque sapien placerat ante nulla justo aliquam quis turpis eget elit
282,3/20/2020,3326,1,lectus suspendisse potenti in eleifend quam a odio in hac habitasse platea dictumst maecenas ut massa quis augue luctus
283,5/26/2020,16592,2,dictumst maecenas ut massa quis augue luctus tincidunt nulla mollis molestie
284,3/18/2021,14230,3,ligula suspendisse ornare consequat lectus in est risus auctor sed tristique in tempus sit amet sem fusce consequat
285,5/25/2020,5225,4,ut ultrices vel augue vestibulum ante ipsum primis in faucibus orci luctus
286,3/25/2020,18740,3,congue diam id ornare imperdiet sapien urna pretium nisl ut volutpat sapien arcu
287,3/24/2020,5707,2,etiam faucibus cursus urna ut tellus nulla ut erat id mauris vulputate elementum nullam varius nulla facilisi cras non velit
288,1/19/2021,4350,3,felis fusce posuere felis sed lacus morbi sem mauris laoreet ut
289,3/17/2021,1069,1,interdum eu tincidunt in leo maecenas pulvinar lobortis est phasellus sit amet erat nulla tempus vivamus in felis eu sapien
290,4/3/2020,10717,1,primis in faucibus orci luctus et ultrices posuere cubilia curae mauris viverra diam vitae quam suspendisse potenti nullam porttitor lacus
291,3/17/2020,17134,4,et ultrices posuere cubilia curae donec pharetra magna vestibulum aliquet ultrices erat tortor sollicitudin
292,9/26/2020,6092,1,platea dictumst etiam faucibus cursus urna ut tellus nulla ut erat id mauris vulputate
293,7/14/2020,16346,4,elementum ligula vehicula consequat morbi a ipsum integer a nibh in quis
294,4/28/2021,14747,4,est donec odio justo sollicitudin ut suscipit a feugiat et eros
295,7/23/2020,11279,2,in felis donec semper sapien a libero nam dui proin leo odio porttitor id
296,11/10/2020,10291,2,consectetuer eget rutrum at lorem integer tincidunt ante vel ipsum praesent blandit
297,11/19/2020,9514,1,nulla ac enim in tempor turpis nec euismod scelerisque quam turpis adipiscing lorem vitae mattis nibh ligula nec
298,5/8/2021,10814,4,quisque erat eros viverra eget congue eget semper rutrum nulla
299,6/30/2020,17733,1,amet erat nulla tempus vivamus in felis eu sapien cursus vestibulum proin eu mi nulla ac
300,1/6/2020,19644,1,ut volutpat sapien arcu sed augue aliquam erat volutpat in congue etiam justo etiam pretium
301,3/21/2021,13873,4,tellus in sagittis dui vel nisl duis ac nibh fusce lacus purus aliquet at feugiat non pretium quis lectus
302,9/8/2020,6134,2,odio odio elementum eu interdum eu tincidunt in leo maecenas pulvinar lobortis est
303,9/3/2020,13706,4,et ultrices posuere cubilia curae duis faucibus accumsan odio curabitur convallis duis consequat dui nec
304,3/25/2020,19442,2,in faucibus orci luctus et ultrices posuere cubilia curae duis faucibus accumsan odio curabitur
305,1/1/2021,9973,4,eget eleifend luctus ultricies eu nibh quisque id justo sit amet sapien dignissim vestibulum vestibulum
306,4/29/2021,19611,3,morbi ut odio cras mi pede malesuada in imperdiet et commodo vulputate justo in blandit ultrices enim lorem ipsum
307,12/10/2020,6036,1,ornare consequat lectus in est risus auctor sed tristique in tempus sit amet sem fusce consequat nulla nisl nunc nisl
308,9/30/2020,7716,4,dignissim vestibulum vestibulum ante ipsum primis in faucibus orci luctus et
309,10/21/2020,4320,2,ante nulla justo aliquam quis turpis eget elit sodales scelerisque mauris sit amet eros suspendisse accumsan tortor quis turpis
310,2/23/2021,2394,3,amet erat nulla tempus vivamus in felis eu sapien cursus vestibulum
311,8/23/2020,4071,2,vitae nisi nam ultrices libero non mattis pulvinar nulla pede ullamcorper augue a
312,9/1/2020,6965,4,aliquet ultrices erat tortor sollicitudin mi sit amet lobortis sapien sapien
313,7/20/2020,2300,2,cras non velit nec nisi vulputate nonummy maecenas tincidunt lacus at velit vivamus
314,2/9/2021,15445,3,sed nisl nunc rhoncus dui vel sem sed sagittis nam congue risus semper porta volutpat quam pede lobortis ligula sit
315,1/30/2020,11486,4,mauris laoreet ut rhoncus aliquet pulvinar sed nisl nunc rhoncus dui vel sem sed sagittis
316,3/5/2020,18513,2,consequat varius integer ac leo pellentesque ultrices mattis odio donec vitae nisi nam ultrices libero
317,1/3/2020,17395,2,luctus et ultrices posuere cubilia curae duis faucibus accumsan odio curabitur convallis duis consequat dui nec nisi volutpat
318,7/12/2020,10847,4,cras in purus eu magna vulputate luctus cum sociis natoque penatibus et
319,9/10/2020,4276,3,erat quisque erat eros viverra eget congue eget semper rutrum nulla nunc purus phasellus in felis donec semper sapien
320,12/11/2020,8541,2,amet eleifend pede libero quis orci nullam molestie nibh in lectus
321,4/18/2020,18121,2,interdum mauris ullamcorper purus sit amet nulla quisque arcu libero rutrum ac
322,2/28/2021,16339,1,curae nulla dapibus dolor vel est donec odio justo sollicitudin ut suscipit a
323,12/13/2020,9012,1,porta volutpat quam pede lobortis ligula sit amet eleifend pede libero
324,4/22/2021,12341,1,enim sit amet nunc viverra dapibus nulla suscipit ligula in lacus curabitur at ipsum ac tellus semper interdum
325,12/3/2020,5142,2,convallis tortor risus dapibus augue vel accumsan tellus nisi eu orci mauris lacinia sapien quis libero
326,2/22/2020,11688,1,quisque porta volutpat erat quisque erat eros viverra eget congue eget semper rutrum
327,8/14/2020,16788,4,dui vel sem sed sagittis nam congue risus semper porta volutpat quam pede
328,1/4/2020,1952,2,ante vestibulum ante ipsum primis in faucibus orci luctus et ultrices posuere cubilia curae duis faucibus accumsan odio
329,10/21/2020,18349,4,ante ipsum primis in faucibus orci luctus et ultrices posuere cubilia curae donec pharetra magna vestibulum aliquet ultrices erat tortor
330,9/27/2020,12363,2,volutpat sapien arcu sed augue aliquam erat volutpat in congue etiam justo etiam pretium iaculis justo in hac habitasse
331,2/22/2021,4317,4,placerat ante nulla justo aliquam quis turpis eget elit sodales scelerisque mauris sit amet
332,1/13/2021,16437,4,volutpat dui maecenas tristique est et tempus semper est quam pharetra magna ac consequat metus
333,11/29/2020,2082,3,pretium quis lectus suspendisse potenti in eleifend quam a odio in hac habitasse platea
334,1/5/2021,4496,4,aliquam quis turpis eget elit sodales scelerisque mauris sit amet eros suspendisse accumsan tortor quis turpis sed ante vivamus
335,2/15/2020,15248,2,nibh fusce lacus purus aliquet at feugiat non pretium quis lectus suspendisse potenti in eleifend quam a odio in
336,5/14/2020,10240,2,fermentum justo nec condimentum neque sapien placerat ante nulla justo
337,9/27/2020,4586,4,in eleifend quam a odio in hac habitasse platea dictumst maecenas ut
338,3/13/2021,1821,1,porttitor lorem id ligula suspendisse ornare consequat lectus in est
339,11/3/2020,8035,3,potenti in eleifend quam a odio in hac habitasse platea dictumst maecenas ut massa quis augue luctus tincidunt nulla
340,2/9/2020,17237,4,nulla mollis molestie lorem quisque ut erat curabitur gravida nisi at nibh in hac habitasse platea dictumst aliquam augue quam
341,7/9/2020,11207,2,ligula sit amet eleifend pede libero quis orci nullam molestie nibh in lectus pellentesque at nulla suspendisse potenti cras in
342,2/9/2021,11769,4,suspendisse ornare consequat lectus in est risus auctor sed tristique in tempus sit amet sem fusce consequat
343,5/19/2021,4911,4,lorem ipsum dolor sit amet consectetuer adipiscing elit proin risus praesent lectus vestibulum quam sapien varius ut blandit non interdum
344,12/27/2020,2140,3,vulputate vitae nisl aenean lectus pellentesque eget nunc donec quis orci eget orci vehicula condimentum curabitur in libero
345,10/19/2020,16339,1,sit amet nulla quisque arcu libero rutrum ac lobortis vel
346,10/12/2020,17236,4,pede venenatis non sodales sed tincidunt eu felis fusce posuere felis
347,12/6/2020,5524,1,lacus morbi quis tortor id nulla ultrices aliquet maecenas leo odio condimentum id luctus
348,5/9/2021,19794,2,morbi vel lectus in quam fringilla rhoncus mauris enim leo rhoncus
349,9/9/2020,19656,1,venenatis non sodales sed tincidunt eu felis fusce posuere felis sed lacus morbi sem mauris laoreet
350,7/5/2020,2189,1,at velit eu est congue elementum in hac habitasse platea dictumst morbi vestibulum velit
351,4/4/2021,4031,1,interdum mauris ullamcorper purus sit amet nulla quisque arcu libero rutrum ac lobortis
352,7/30/2020,3776,2,at turpis a pede posuere nonummy integer non velit donec diam neque vestibulum eget vulputate
353,8/13/2020,10566,2,orci luctus et ultrices posuere cubilia curae donec pharetra magna vestibulum aliquet ultrices erat
354,5/2/2021,11260,2,sit amet eros suspendisse accumsan tortor quis turpis sed ante vivamus tortor duis mattis egestas metus
355,3/5/2021,13076,3,sapien sapien non mi integer ac neque duis bibendum morbi non quam nec dui luctus rutrum nulla tellus in sagittis
356,1/25/2021,13011,1,ante vel ipsum praesent blandit lacinia erat vestibulum sed magna at nunc
357,2/19/2021,1743,2,sem mauris laoreet ut rhoncus aliquet pulvinar sed nisl nunc rhoncus dui
358,2/26/2020,7046,2,orci eget orci vehicula condimentum curabitur in libero ut massa volutpat convallis morbi odio odio
359,2/27/2021,16711,4,morbi vel lectus in quam fringilla rhoncus mauris enim leo rhoncus sed vestibulum sit amet cursus id turpis integer
360,8/10/2020,19298,1,morbi quis tortor id nulla ultrices aliquet maecenas leo odio condimentum id
361,1/13/2021,5046,2,morbi porttitor lorem id ligula suspendisse ornare consequat lectus in est risus auctor sed tristique in tempus sit amet sem
362,3/22/2021,11460,1,eleifend quam a odio in hac habitasse platea dictumst maecenas ut massa quis augue luctus tincidunt nulla mollis molestie
363,6/3/2020,18727,1,felis eu sapien cursus vestibulum proin eu mi nulla ac enim in
364,3/21/2020,14901,4,vestibulum vestibulum ante ipsum primis in faucibus orci luctus et ultrices posuere cubilia curae nulla dapibus dolor
365,3/20/2020,15857,2,a pede posuere nonummy integer non velit donec diam neque vestibulum eget vulputate ut ultrices vel augue vestibulum ante
366,8/17/2020,10181,4,non mi integer ac neque duis bibendum morbi non quam nec dui luctus
367,9/4/2020,3177,4,ac diam cras pellentesque volutpat dui maecenas tristique est et tempus semper est
368,3/5/2021,19852,1,nisl nunc nisl duis bibendum felis sed interdum venenatis turpis enim blandit mi
369,3/2/2021,10826,1,non ligula pellentesque ultrices phasellus id sapien in sapien iaculis congue vivamus metus arcu adipiscing
370,2/8/2020,8487,3,nec molestie sed justo pellentesque viverra pede ac diam cras pellentesque volutpat dui maecenas tristique est et tempus semper
371,5/6/2021,13442,1,eleifend donec ut dolor morbi vel lectus in quam fringilla rhoncus mauris enim leo rhoncus sed vestibulum
372,8/7/2020,8460,1,erat volutpat in congue etiam justo etiam pretium iaculis justo in hac habitasse platea
373,1/18/2020,16027,3,in hac habitasse platea dictumst maecenas ut massa quis augue luctus
374,4/23/2020,12491,3,sit amet eleifend pede libero quis orci nullam molestie nibh in lectus pellentesque at nulla suspendisse potenti cras in purus
375,11/2/2020,5781,2,potenti nullam porttitor lacus at turpis donec posuere metus vitae ipsum aliquam non mauris
376,10/27/2020,14848,3,nunc donec quis orci eget orci vehicula condimentum curabitur in libero ut massa volutpat
377,4/17/2020,6895,1,turpis eget elit sodales scelerisque mauris sit amet eros suspendisse accumsan tortor quis turpis sed ante vivamus tortor duis mattis
378,7/3/2020,1434,4,at dolor quis odio consequat varius integer ac leo pellentesque ultrices mattis
379,8/5/2020,6294,4,pede ullamcorper augue a suscipit nulla elit ac nulla sed vel enim sit amet nunc viverra dapibus
380,2/29/2020,13706,4,morbi a ipsum integer a nibh in quis justo maecenas rhoncus aliquam
381,4/2/2020,3718,4,sapien cursus vestibulum proin eu mi nulla ac enim in tempor turpis nec euismod scelerisque quam turpis adipiscing lorem vitae
382,9/28/2020,7748,2,facilisi cras non velit nec nisi vulputate nonummy maecenas tincidunt lacus at velit vivamus vel nulla
383,7/25/2020,4119,4,curae donec pharetra magna vestibulum aliquet ultrices erat tortor sollicitudin
384,9/17/2020,10850,1,lectus aliquam sit amet diam in magna bibendum imperdiet nullam orci pede venenatis non
385,3/14/2020,4713,3,aliquam non mauris morbi non lectus aliquam sit amet diam in magna bibendum imperdiet nullam
386,9/24/2020,14505,3,metus arcu adipiscing molestie hendrerit at vulputate vitae nisl aenean lectus pellentesque eget nunc donec quis orci eget orci
387,12/14/2020,13486,4,libero nam dui proin leo odio porttitor id consequat in consequat ut nulla
388,6/8/2020,18865,3,neque aenean auctor gravida sem praesent id massa id nisl venenatis lacinia aenean sit amet justo morbi
389,9/27/2020,2152,2,molestie hendrerit at vulputate vitae nisl aenean lectus pellentesque eget nunc donec quis orci
390,12/22/2020,6748,3,blandit ultrices enim lorem ipsum dolor sit amet consectetuer adipiscing elit proin interdum mauris non ligula pellentesque ultrices phasellus
391,2/18/2021,2491,4,justo maecenas rhoncus aliquam lacus morbi quis tortor id nulla ultrices aliquet maecenas
392,4/16/2021,3591,1,lacus purus aliquet at feugiat non pretium quis lectus suspendisse potenti in eleifend quam a odio in hac habitasse
393,5/25/2020,4113,4,elementum pellentesque quisque porta volutpat erat quisque erat eros viverra
394,10/3/2020,7362,2,morbi a ipsum integer a nibh in quis justo maecenas rhoncus aliquam lacus morbi
395,5/18/2021,12807,2,in tempor turpis nec euismod scelerisque quam turpis adipiscing lorem vitae mattis nibh ligula
396,1/29/2021,15173,2,at vulputate vitae nisl aenean lectus pellentesque eget nunc donec quis orci eget orci vehicula condimentum curabitur in libero
397,2/3/2021,9495,2,orci vehicula condimentum curabitur in libero ut massa volutpat convallis morbi
398,4/20/2021,2552,4,sociis natoque penatibus et magnis dis parturient montes nascetur ridiculus
399,2/9/2021,4255,2,platea dictumst aliquam augue quam sollicitudin vitae consectetuer eget rutrum at lorem
400,4/18/2020,11746,4,donec diam neque vestibulum eget vulputate ut ultrices vel augue vestibulum ante ipsum primis in faucibus orci luctus et
401,2/12/2021,7565,1,volutpat erat quisque erat eros viverra eget congue eget semper rutrum
402,5/5/2020,19940,3,vitae ipsum aliquam non mauris morbi non lectus aliquam sit amet diam in magna bibendum imperdiet nullam orci pede
403,2/19/2021,13083,3,at dolor quis odio consequat varius integer ac leo pellentesque ultrices mattis odio
404,3/27/2020,11351,4,libero rutrum ac lobortis vel dapibus at diam nam tristique tortor eu
405,12/24/2020,1376,4,morbi porttitor lorem id ligula suspendisse ornare consequat lectus in est risus auctor sed
406,2/1/2020,17430,2,nisl duis bibendum felis sed interdum venenatis turpis enim blandit mi in porttitor pede
407,5/7/2021,17495,4,donec quis orci eget orci vehicula condimentum curabitur in libero ut massa volutpat convallis morbi
408,9/12/2020,15369,4,magna vestibulum aliquet ultrices erat tortor sollicitudin mi sit amet lobortis sapien sapien non mi integer ac neque duis bibendum
409,3/11/2020,18992,1,ac tellus semper interdum mauris ullamcorper purus sit amet nulla quisque
410,10/27/2020,8596,4,in purus eu magna vulputate luctus cum sociis natoque penatibus et magnis dis parturient montes nascetur ridiculus mus vivamus
411,4/2/2020,19470,3,nulla suscipit ligula in lacus curabitur at ipsum ac tellus semper
412,4/28/2021,18968,2,primis in faucibus orci luctus et ultrices posuere cubilia curae duis faucibus accumsan odio curabitur convallis
413,5/15/2021,5611,3,tortor risus dapibus augue vel accumsan tellus nisi eu orci mauris lacinia sapien quis libero nullam sit amet turpis
414,4/21/2020,7744,3,quis lectus suspendisse potenti in eleifend quam a odio in
415,3/18/2020,9956,2,integer ac leo pellentesque ultrices mattis odio donec vitae nisi nam ultrices libero non mattis
416,2/22/2021,2897,2,eleifend pede libero quis orci nullam molestie nibh in lectus pellentesque at nulla suspendisse potenti
417,10/30/2020,14617,3,nisl duis ac nibh fusce lacus purus aliquet at feugiat non pretium quis lectus suspendisse potenti in eleifend quam a
418,12/28/2020,8660,4,nam congue risus semper porta volutpat quam pede lobortis ligula sit amet eleifend
419,2/7/2020,17570,2,ipsum integer a nibh in quis justo maecenas rhoncus aliquam lacus morbi quis tortor id nulla ultrices aliquet maecenas
420,5/22/2021,6218,4,blandit lacinia erat vestibulum sed magna at nunc commodo placerat praesent blandit nam nulla
421,8/1/2020,10628,3,in lacus curabitur at ipsum ac tellus semper interdum mauris ullamcorper purus sit amet nulla quisque arcu libero rutrum ac
422,1/18/2020,8253,2,id justo sit amet sapien dignissim vestibulum vestibulum ante ipsum
423,10/14/2020,12470,1,malesuada in imperdiet et commodo vulputate justo in blandit ultrices enim lorem ipsum
424,4/18/2020,7196,4,felis fusce posuere felis sed lacus morbi sem mauris laoreet ut rhoncus aliquet pulvinar sed nisl nunc
425,3/10/2021,17476,1,sapien varius ut blandit non interdum in ante vestibulum ante ipsum primis in
426,4/1/2021,11830,4,augue vel accumsan tellus nisi eu orci mauris lacinia sapien quis libero nullam sit amet turpis
427,1/27/2020,4366,2,ut nunc vestibulum ante ipsum primis in faucibus orci luctus
428,12/26/2020,1681,1,habitasse platea dictumst morbi vestibulum velit id pretium iaculis diam erat fermentum justo nec condimentum neque
429,4/3/2020,9852,1,condimentum curabitur in libero ut massa volutpat convallis morbi odio
430,1/31/2020,19639,2,turpis nec euismod scelerisque quam turpis adipiscing lorem vitae mattis nibh ligula nec sem duis aliquam convallis nunc
431,10/30/2020,16546,3,in faucibus orci luctus et ultrices posuere cubilia curae donec pharetra magna vestibulum aliquet ultrices erat tortor sollicitudin mi sit
432,5/2/2020,12447,4,eu interdum eu tincidunt in leo maecenas pulvinar lobortis est phasellus sit amet erat nulla tempus vivamus in felis eu
433,12/5/2020,8177,1,quis lectus suspendisse potenti in eleifend quam a odio in hac habitasse platea dictumst maecenas ut massa quis augue
434,3/24/2021,1222,2,amet erat nulla tempus vivamus in felis eu sapien cursus vestibulum
435,9/10/2020,7067,4,libero non mattis pulvinar nulla pede ullamcorper augue a suscipit nulla elit
436,3/17/2020,15598,1,quisque erat eros viverra eget congue eget semper rutrum nulla nunc purus phasellus in
437,6/24/2020,3562,1,potenti nullam porttitor lacus at turpis donec posuere metus vitae ipsum aliquam non mauris morbi non lectus aliquam sit
438,8/5/2020,2895,4,pede lobortis ligula sit amet eleifend pede libero quis orci nullam molestie nibh in lectus pellentesque at nulla suspendisse potenti
439,1/6/2020,5235,1,platea dictumst morbi vestibulum velit id pretium iaculis diam erat
440,3/29/2020,19582,4,nisi vulputate nonummy maecenas tincidunt lacus at velit vivamus vel nulla eget eros elementum pellentesque quisque porta volutpat
441,5/20/2021,9659,4,consectetuer eget rutrum at lorem integer tincidunt ante vel ipsum praesent blandit lacinia erat vestibulum
442,3/28/2021,1673,1,vel accumsan tellus nisi eu orci mauris lacinia sapien quis libero nullam sit amet turpis elementum ligula
443,12/19/2020,10069,2,sapien quis libero nullam sit amet turpis elementum ligula vehicula consequat morbi a
444,7/16/2020,18857,4,ligula pellentesque ultrices phasellus id sapien in sapien iaculis congue vivamus metus arcu adipiscing molestie hendrerit at vulputate vitae
445,1/8/2021,3209,4,gravida sem praesent id massa id nisl venenatis lacinia aenean sit amet justo morbi ut odio cras mi
446,5/31/2020,16924,3,commodo vulputate justo in blandit ultrices enim lorem ipsum dolor sit amet consectetuer adipiscing elit proin interdum mauris non ligula
447,3/7/2020,8912,1,potenti cras in purus eu magna vulputate luctus cum sociis
448,11/18/2020,7366,2,maecenas pulvinar lobortis est phasellus sit amet erat nulla tempus vivamus in felis
449,8/18/2020,5751,4,vivamus metus arcu adipiscing molestie hendrerit at vulputate vitae nisl aenean lectus pellentesque eget nunc donec
450,5/19/2020,3848,2,ultrices aliquet maecenas leo odio condimentum id luctus nec molestie sed justo pellentesque viverra
451,12/11/2020,7157,2,ipsum praesent blandit lacinia erat vestibulum sed magna at nunc commodo placerat praesent blandit nam nulla integer pede justo lacinia
452,4/20/2020,3700,4,sit amet lobortis sapien sapien non mi integer ac neque duis bibendum morbi
453,8/15/2020,17111,2,non mattis pulvinar nulla pede ullamcorper augue a suscipit nulla elit ac nulla sed vel enim
454,5/1/2021,12704,4,at turpis a pede posuere nonummy integer non velit donec diam neque vestibulum eget vulputate
455,3/1/2020,11148,1,pede ac diam cras pellentesque volutpat dui maecenas tristique est et tempus semper est quam
456,8/29/2020,13516,4,ante ipsum primis in faucibus orci luctus et ultrices posuere cubilia curae donec pharetra magna vestibulum aliquet ultrices erat
457,10/25/2020,3328,4,pulvinar nulla pede ullamcorper augue a suscipit nulla elit ac
458,3/26/2020,16734,3,mattis odio donec vitae nisi nam ultrices libero non mattis pulvinar nulla pede ullamcorper augue a suscipit nulla elit ac
459,2/9/2021,4641,1,vulputate vitae nisl aenean lectus pellentesque eget nunc donec quis orci eget orci vehicula
460,11/9/2020,14690,1,orci eget orci vehicula condimentum curabitur in libero ut massa volutpat convallis morbi odio odio elementum